{
	"nodesI": [{
		"name": "worker0",
		"objective": 0.0,
		"cv": 0.0,
		"variables": {
			"master": [-3.574004360232635, 2.465508112874602, 1.0075455390352768, -2.9745369349657915, 1.1243931696636495, 1.679743434854676]
		},
		"multipliers": {
			"master": [-1.2769153910933022, 3.350902971608897, -2.5524866546337606, 0.4685408943693088, 0.6417571674663992, -3.5428058235229436]
		},
		"internal": null
	}, {
		"name": "worker1",
		"objective": 0.0,
		"cv": 0.0,
		"variables": {
			"master": [-3.1921160683096628, 0.4629754008797094, 2.6436054851177637, -3.5714641820688997, 0.748542037446554, 3.381750724210248]
		},
		"multipliers": {
			"master": [1.405125058580152, -2.0136288856733917, 5.511656429506145, -3.1854116495701037, -2.063839421434659, 0.037848734961380526]
		},
		"internal": null
	}, {
		"name": "worker2",
		"objective": 0.0,
		"cv": 0.0,
		"variables": {
			"master": [-4.028241595513877, 1.7266066681070011, 1.2152535384047454, -2.5092825675881567, 1.4599285731903378, 3.2680295676681923]
		},
		"multipliers": {
			"master": [-2.6385124416157772, 3.1063292395309556, -1.6301033040589468, 2.1254964228336113, -0.056122038623985904, 0.18069165934016684]
		},
		"internal": null
	}, {
		"name": "worker3",
		"objective": 0.0,
		"cv": 0.0,
		"variables": {
			"master": [-3.680061187440619, -0.5756861998991216, 1.275460905053847, -2.816106985681442, 1.108621838532919, 3.3050421474345923]
		},
		"multipliers": {
			"master": [2.5103027741289243, -4.443603325466462, -1.3290664708134385, 0.5913743323671858, 1.4782042925922463, 3.3242654292213962]
		},
		"internal": null
	}],
	"nodesII": [{
		"name": "master",
		"objective": 0.0,
		"cv": 0.0,
		"variables": {
			"worker0": [-3.618605802874198, 1.019850995490548, 1.5354663669029083, -2.9678476675760725, 1.110371404708365, 2.9086414685419273],
			"worker1": [-3.618605802874198, 1.019850995490548, 1.5354663669029083, -2.9678476675760725, 1.110371404708365, 2.9086414685419273],
			"worker2": [-3.618605802874198, 1.019850995490548, 1.5354663669029083, -2.9678476675760725, 1.110371404708365, 2.9086414685419273],
			"worker3": [-3.618605802874198, 1.019850995490548, 1.5354663669029083, -2.9678476675760725, 1.110371404708365, 2.9086414685419273]
		},
		"multipliers": {
			"worker0": [-1.2769153910933022, 3.350902971608897, -2.5524866546337606, 0.4685408943693088, 0.6417571674663992, -3.5428058235229436],
			"worker1": [1.405125058580152, -2.0136288856733917, 5.511656429506145, -3.1854116495701037, -2.063839421434659, 0.037848734961380526],
			"worker2": [-2.6385124416157772, 3.1063292395309556, -1.6301033040589468, 2.1254964228336113, -0.056122038623985904, 0.18069165934016684],
			"worker3": [2.5103027741289243, -4.443603325466462, -1.3290664708134385, 0.5913743323671858, 1.4782042925922463, 3.3242654292213962]
		},
		"internal": {
			"c0": [-3.618605802874198, 1.019850995490548],
			"c1": [1.5354663669029083, -2.9678476675760725],
			"c2": [1.110371404708365, 2.9086414685419273]
		}
	}],
	"stats": {
		"runTime": 41,
		"numIterations": 6
	}
}