{
	"nodesI": [{
		"name": "connector",
		"objective": 0.0,
		"cv": 0.0,
		"variables": {
			"master0": [-4.794460604059072, -3.966643593233038, -2.6522523749183504, -2.199453612272535, -0.9912418295921659, 1.1224345671336695, 2.0048863577316482, 2.8372836035146056, 4.185705371276794, 5.256314802117423],
			"master1": [-4.794460604059072, -3.966643593233038, -2.6522523749183504, -2.199453612272535, -0.9912418295921659, 1.1224345671336695, 2.0048863577316482, 2.8372836035146056, 4.185705371276794, 5.256314802117423]
		},
		"multipliers": {
			"master0": [-303.768067885074, 318.86894112688395, -180.66945959088883, -45.479240384062294, -259.8213398394265, 295.0286313472213, 23.329305372583423, 271.2090223667866, 198.12547031545836, 321.4318836027259],
			"master1": [313.3569890599937, -310.93565396863795, 185.97396435827721, 49.87814760955083, 261.8038236100506, -297.2735004515479, -27.33907809099827, -276.8835896371814, -206.49688101029406, -331.94451322662763]
		},
		"internal": null
	}, {
		"name": "worker0",
		"objective": 299.6148953546232,
		"cv": 0.0,
		"variables": {
			"master0": [-4.79415679765116, -3.9666095964177868, -2.652255746421823, -2.1995897587571807, -0.9911387951382865, 1.1224656085882054, 2.0046957880549505, 2.8372895684443664, 4.185359807441065, 5.256157988992679]
		},
		"multipliers": {
			"master0": [392.4207189598814, 87.92784673898998, 411.96922439887544, 33.55231863218027, 90.87740755320249, 45.24754062265976, 286.1200205021369, 18.273758226153127, 10.86629000474549, -58.20766029259974]
		},
		"internal": null
	}, {
		"name": "worker1",
		"objective": 378.89728832029806,
		"cv": 0.0,
		"variables": {
			"master0": [-4.794175260498183, -3.966512190991237, -2.6521791547554763, -2.199582058605034, -0.9909390865958618, 1.1224011637888027, 2.004623335127572, 2.837447391093722, 4.185355205169515, 5.2562062518724515]
		},
		"multipliers": {
			"master0": [-88.65265107480673, -406.7967878658737, -231.29976480798513, 11.926921751882073, 168.943932286223, -340.2761719698835, -309.449325874722, -289.48278059294324, -208.99176032020435, -263.22422331013314]
		},
		"internal": null
	}, {
		"name": "worker2",
		"objective": 273.60908429954156,
		"cv": 0.0,
		"variables": {
			"master1": [-4.79467754021278, -3.966706499803433, -2.652273126587271, -2.1994100869274074, -0.991339314661611, 1.1224523657191539, 2.005137253258517, 2.837237152752212, 4.186028080717447, 5.256380929344705]
		},
		"multipliers": {
			"master1": [114.56107522213394, 253.31172170179346, -128.1555783681422, -6.939448140990514, 259.69875456538745, 242.25664779758836, -68.3318575800763, 89.30287668183023, -351.8833904250767, 23.37100492518935]
		},
		"internal": null
	}, {
		"name": "worker3",
		"objective": 270.93944717710446,
		"cv": 0.0,
		"variables": {
			"master1": [-4.794832718282034, -3.9667460010292244, -2.652301524571625, -2.1992325476286982, -0.991550456298685, 1.1224190406105745, 2.005089063339323, 2.837160491868674, 4.186078248624975, 5.256514097258866]
		},
		"multipliers": {
			"master1": [-427.91806428213096, 57.62393226684874, -57.81838599013618, -42.93869946856029, -521.5025781754359, 55.01685265395754, 95.67093567107241, 187.5807129553518, 558.3802714353718, 308.5735083014391]
		},
		"internal": null
	}],
	"nodesII": [{
		"name": "master0",
		"objective": 0.0,
		"cv": 0.0,
		"variables": {
			"worker0": [-4.794264220736139, -3.966588460214021, -2.652229092031883, -2.1995418098782498, -0.9911065704421048, 1.1224337798368926, 2.004735160304724, 2.8373401876842315, 4.185473461295792, 5.256226347660851],
			"worker1": [-4.794264220736139, -3.966588460214021, -2.652229092031883, -2.1995418098782498, -0.9911065704421048, 1.1224337798368926, 2.004735160304724, 2.8373401876842315, 4.185473461295792, 5.256226347660851],
			"connector": [-4.794264220736139, -3.966588460214021, -2.652229092031883, -2.1995418098782498, -0.9911065704421048, 1.1224337798368926, 2.004735160304724, 2.8373401876842315, 4.185473461295792, 5.256226347660851]
		},
		"multipliers": {
			"worker0": [392.4207189598814, 87.92784673898998, 411.96922439887544, 33.55231863218027, 90.87740755320249, 45.24754062265976, 286.1200205021369, 18.273758226153127, 10.86629000474549, -58.20766029259974],
			"worker1": [-88.65265107480673, -406.7967878658737, -231.29976480798513, 11.926921751882073, 168.943932286223, -340.2761719698835, -309.449325874722, -289.48278059294324, -208.99176032020435, -263.22422331013314],
			"connector": [-303.768067885074, 318.86894112688395, -180.66945959088883, -45.479240384062294, -259.8213398394265, 295.0286313472213, 23.329305372583423, 271.2090223667866, 198.12547031545836, 321.4318836027259]
		},
		"internal": null
	}, {
		"name": "master1",
		"objective": 0.0,
		"cv": 0.0,
		"variables": {
			"worker2": [-4.794656954184629, -3.9666986980218986, -2.6522756753590824, -2.199365415609547, -0.991377200184154, 1.1224353244877994, 2.0050375581098296, 2.8372270827118307, 4.185937233539739, 5.256403276240332],
			"worker3": [-4.794656954184629, -3.9666986980218986, -2.6522756753590824, -2.199365415609547, -0.991377200184154, 1.1224353244877994, 2.0050375581098296, 2.8372270827118307, 4.185937233539739, 5.256403276240332],
			"connector": [-4.794656954184629, -3.9666986980218986, -2.6522756753590824, -2.199365415609547, -0.991377200184154, 1.1224353244877994, 2.0050375581098296, 2.8372270827118307, 4.185937233539739, 5.256403276240332]
		},
		"multipliers": {
			"worker2": [114.56107522213394, 253.31172170179346, -128.1555783681422, -6.939448140990514, 259.69875456538745, 242.25664779758836, -68.3318575800763, 89.30287668183023, -351.8833904250767, 23.37100492518935],
			"worker3": [-427.91806428213096, 57.62393226684874, -57.81838599013618, -42.93869946856029, -521.5025781754359, 55.01685265395754, 95.67093567107241, 187.5807129553518, 558.3802714353718, 308.5735083014391],
			"connector": [313.3569890599937, -310.93565396863795, 185.97396435827721, 49.87814760955083, 261.8038236100506, -297.2735004515479, -27.33907809099827, -276.8835896371814, -206.49688101029406, -331.94451322662763]
		},
		"internal": null
	}],
	"stats": {
		"runTime": 3317,
		"numIterations": 33265
	}
}