{
	"nodesI": [{
		"name": "worker0",
		"objective": 300.1456245461781,
		"cv": 0.0,
		"variables": {
			"master": [-4.795597453255772, -3.968367529875729, -2.6521910090508722, -2.2005638387809294, -0.9914573623761608, 1.1220004863876587, 2.0058960115138804, 2.8389483775574624, 4.185975599976671, 5.25831356764516]
		},
		"multipliers": {
			"master": [395.4311077412841, 87.3489883954547, 411.21886275471326, 34.492412602767054, 88.68197757826044, 44.74389332774215, 285.6955985672905, 13.972931524265704, 7.823643182731903, -61.281509408550434]
		},
		"internal": null
	}, {
		"name": "worker1",
		"objective": 379.5059789290684,
		"cv": 0.0,
		"variables": {
			"master": [-4.795544097565168, -3.9683262493168194, -2.65214854281713, -2.2004982425355837, -0.9912657306457924, 1.1219805604316322, 2.0058031361406248, 2.839021652274899, 4.185997530999256, 5.258396186462626]
		},
		"multipliers": {
			"master": [-88.1801120429664, -404.2917352610333, -229.39608717759552, 11.392306452392605, 168.48892510688202, -342.09583379544705, -310.84049395686515, -288.4524128028335, -212.11649037691583, -266.46754306971513]
		},
		"internal": null
	}, {
		"name": "worker2",
		"objective": 274.1410924604773,
		"cv": 0.0,
		"variables": {
			"master": [-4.795541223508753, -3.9683450297752154, -2.652154821387817, -2.2005695192141452, -0.9913985092472357, 1.1220637310277575, 2.006006320382856, 2.838882857951543, 4.186094925935854, 5.258319026056438]
		},
		"multipliers": {
			"master": [119.47116960587621, 256.43327713002964, -126.36654448094909, -2.7961413856593786, 261.4647820702704, 243.04975465513613, -70.14160219404026, 87.88964721192836, -351.72593301375304, 21.722353423760353]
		},
		"internal": null
	}, {
		"name": "worker3",
		"objective": 269.40678340726606,
		"cv": 0.0,
		"variables": {
			"master": [-4.795909837544152, -3.968409825252007, -2.6521448332080575, -2.2002700258109518, -0.9916775637004861, 1.121933290713667, 2.005987577127114, 2.8387472169873997, 4.186236812899751, 5.25854587902393]
		},
		"multipliers": {
			"master": [-426.7221653041975, 60.509469735550944, -55.456231096167045, -43.08857766950032, -518.6356847554184, 54.30218581257388, 95.286497583612, 186.589834066641, 556.018780207936, 306.0266990545048]
		},
		"internal": null
	}],
	"nodesII": [{
		"name": "master",
		"objective": 0.0,
		"cv": 0.0,
		"variables": {
			"worker0": [-4.795648152968461, -3.9683621585549425, -2.6521598016159693, -2.2004754065854026, -0.9914497914924187, 1.1219945171401788, 2.0059232612911186, 2.8389000261928263, 4.186076217452883, 5.258393664797039],
			"worker1": [-4.795648152968461, -3.9683621585549425, -2.6521598016159693, -2.2004754065854026, -0.9914497914924187, 1.1219945171401788, 2.0059232612911186, 2.8389000261928263, 4.186076217452883, 5.258393664797039],
			"worker2": [-4.795648152968461, -3.9683621585549425, -2.6521598016159693, -2.2004754065854026, -0.9914497914924187, 1.1219945171401788, 2.0059232612911186, 2.8389000261928263, 4.186076217452883, 5.258393664797039],
			"worker3": [-4.795648152968461, -3.9683621585549425, -2.6521598016159693, -2.2004754065854026, -0.9914497914924187, 1.1219945171401788, 2.0059232612911186, 2.8389000261928263, 4.186076217452883, 5.258393664797039]
		},
		"multipliers": {
			"worker0": [395.4311077412841, 87.3489883954547, 411.21886275471326, 34.492412602767054, 88.68197757826044, 44.74389332774215, 285.6955985672905, 13.972931524265704, 7.823643182731903, -61.281509408550434],
			"worker1": [-88.1801120429664, -404.2917352610333, -229.39608717759552, 11.392306452392605, 168.48892510688202, -342.09583379544705, -310.84049395686515, -288.4524128028335, -212.11649037691583, -266.46754306971513],
			"worker2": [119.47116960587621, 256.43327713002964, -126.36654448094909, -2.7961413856593786, 261.4647820702704, 243.04975465513613, -70.14160219404026, 87.88964721192836, -351.72593301375304, 21.722353423760353],
			"worker3": [-426.7221653041975, 60.509469735550944, -55.456231096167045, -43.08857766950032, -518.6356847554184, 54.30218581257388, 95.286497583612, 186.589834066641, 556.018780207936, 306.0266990545048]
		},
		"internal": null
	}],
	"stats": {
		"runTime": 2418,
		"numIterations": 20117
	}
}