{
	"nodesI": [{
		"name": "Objective",
		"objective": -464.7516256386707,
		"cv": 0.0,
		"variables": {
			"Constraints0": [0.0, 0.0, 28.768384364558177, 0.0, 0.0, 0.0, 0.0, 0.0, 311.5629726098876, 0.0, 0.0, 0.0, 0.0, 0.0, 12.476835027731612, 0.0, 180.08229703453986, 10.199789591105725, 164.66678385083867, 80.00039183243284, 25.500679059384275, 54.49972758356584, 84.80031081357336, 51.23162442013595, 0.0, 0.0, 0.0, 0.0, 0.0, 0.0, 0.0, 18.21481961331125, 33.016522216393476, 54.30525766501818, 499.9996308835199, 475.9180869169127, 24.080856196745437, 0.0, 214.99986020060481, 188.4370812864896, 0.0, 0.0, 0.0, 0.0, 0.0, 0.0, 0.0, 339.9411658093953, 195.5032415873548, 81.02803199358041, 0.0],
			"Constraints1": [0.0, 0.0, 28.768384364558177, 0.0, 0.0, 0.0, 0.0, 0.0, 311.5629726098876, 0.0, 0.0, 0.0, 0.0, 0.0, 12.476835027731612, 0.0, 180.08229703453986, 10.199789591105725, 164.66678385083867, 80.00039183243284, 25.500679059384275, 54.49972758356584, 84.80031081357336, 51.23162442013595, 0.0, 0.0, 0.0, 0.0, 0.0, 0.0, 0.0, 18.21481961331125, 33.016522216393476, 54.30525766501818, 499.9996308835199, 475.9180869169127, 24.080856196745437, 0.0, 214.99986020060481, 188.4370812864896, 0.0, 0.0, 0.0, 0.0, 0.0, 0.0, 0.0, 339.9411658093953, 195.5032415873548, 81.02803199358041, 0.0],
			"Constraints2": [0.0, 0.0, 28.768384364558177, 0.0, 0.0, 0.0, 0.0, 0.0, 311.5629726098876, 0.0, 0.0, 0.0, 0.0, 0.0, 12.476835027731612, 0.0, 180.08229703453986, 10.199789591105725, 164.66678385083867, 80.00039183243284, 25.500679059384275, 54.49972758356584, 84.80031081357336, 51.23162442013595, 0.0, 0.0, 0.0, 0.0, 0.0, 0.0, 0.0, 18.21481961331125, 33.016522216393476, 54.30525766501818, 499.9996308835199, 475.9180869169127, 24.080856196745437, 0.0, 214.99986020060481, 188.4370812864896, 0.0, 0.0, 0.0, 0.0, 0.0, 0.0, 0.0, 339.9411658093953, 195.5032415873548, 81.02803199358041, 0.0],
			"Constraints3": [0.0, 0.0, 28.768384364558177, 0.0, 0.0, 0.0, 0.0, 0.0, 311.5629726098876, 0.0, 0.0, 0.0, 0.0, 0.0, 12.476835027731612, 0.0, 180.08229703453986, 10.199789591105725, 164.66678385083867, 80.00039183243284, 25.500679059384275, 54.49972758356584, 84.80031081357336, 51.23162442013595, 0.0, 0.0, 0.0, 0.0, 0.0, 0.0, 0.0, 18.21481961331125, 33.016522216393476, 54.30525766501818, 499.9996308835199, 475.9180869169127, 24.080856196745437, 0.0, 214.99986020060481, 188.4370812864896, 0.0, 0.0, 0.0, 0.0, 0.0, 0.0, 0.0, 339.9411658093953, 195.5032415873548, 81.02803199358041, 0.0]
		},
		"multipliers": {
			"Constraints0": [0.695574462391761, 0.458526514069509, -4.7043751101227826E-4, 0.0, 0.0, 0.0, 0.0, 0.0, 0.0, 0.0, 0.0, 0.0, 0.0, 0.0, 0.0, 0.0, 0.0, 0.0, 0.0, -0.5647143858725627, 0.8009631595269422, 1.2594896735964483, 7.539383659107557E-4, 0.0011064328894576647, 0.0015768704004666763, 0.0015397759913702304, 0.0015026815822737872, 4.7043751101227826E-4, 0.0, 0.0, 0.0, 0.6407534500332703, -0.0011836696640443733, -3.7094409096738445E-4, 0.0, 0.0, 0.0, 0.0, 0.0, 0.0, 0.0, 0.0, 0.0, 0.0, 0.0, 0.0, 0.0, 0.0, 0.0, 0.0, 0.0],
			"Constraints1": [0.0, 0.0, 0.0, 0.3841964179223711, 0.42917502874192803, 0.3580754373604542, 1.7412711608472478, 0.6814862162030403, 0.0, 0.0, 0.0, 0.0, 0.0, 0.0, 0.0, 0.0, 0.0, 0.0, 0.0, 0.0, 0.0, 0.0, 0.0, 0.0, 0.3841964179223711, 0.42917502874192803, 0.3580754373604542, 0.0, -0.3841964179223711, -0.42917502874192803, -0.3580754373604542, 0.0, 0.0, 0.0, -0.13780619227910051, 1.197528857666768, 1.8790150738698177, 1.8790150738698173, 1.4483548027044435E-4, 0.0, 0.0, 0.0, 0.0, 0.0, 0.0, 0.0, 0.0, 0.9540807026842515, 0.0, 0.0, 0.0],
			"Constraints2": [0.0, 0.0, 0.0, 0.0, 0.0, 0.0, 0.0, 0.0, 0.001695343569281249, 0.4202847777649916, 0.4223232955434757, 0.4065614498160823, 0.2813197428997685, 0.0, 0.0, 0.0, 0.0, 0.0, 0.0, 0.0, 0.0, 0.0, 0.0, 0.0, 0.0, 0.0, 0.0, 0.6650398722150528, 0.6712289065588477, 0.6774179409026426, 0.6833256555035377, 0.0, 0.0, 0.0, 0.0, 0.0, 0.0, -0.2813197428997685, 0.0, -0.0015654298673197786, 0.4170240043283575, 0.41901827231724054, 0.4032343016950465, 0.6146762131240926, 0.2039637317295947, 0.21036480623810383, 0.23456624425249017, 0.0037364586748225292, -0.0037364586748296347, -0.0011062447400220776, -0.0037364586748458804],
			"Constraints3": [0.0, 0.0, 0.0, 0.0, 0.0, 0.0, 0.0, 0.0, 0.0, 0.0, 0.0, 0.0, 0.0, 1.2598833873701651, -5.380121636946456E-4, 1.8779016443447438, -0.002085776880299761, -3.202038223175663E-4, 5.217178026128977E-4, 0.5652483949477762, 0.0, -1.25988338737017, -3.202038223122372E-4, -6.278188409751806E-4, -6.528481635370882E-4, -6.528481635370882E-4, -6.799632629811206E-4, 0.0, 0.0, 0.0, 0.0, 0.0, 5.380121636910928E-4, 5.217178025986868E-4, 0.1373272892232933, 0.0, -1.8779016443447425, 0.0, -3.202038223406589E-4, -5.86433258504826E-5, -5.810531367898756E-5, -5.810531367898756E-5, -5.7567301515293235E-5, 0.0, 0.0, 0.0, 0.0, 0.0, 0.0020857768803210774, 5.217178025986868E-4, 0.0]
		},
		"internal": null
	}],
	"nodesII": [{
		"name": "Constraints2",
		"objective": 0.0,
		"cv": 7.51992591327187E-6,
		"variables": {
			"Objective": [0.0, 0.0, 28.768384364558177, 0.0, 0.0, 0.0, 0.0, 0.0, 311.56289614846514, -5.861598487405528E-5, -5.942356036353624E-5, -5.9891645337484256E-5, -1.2628546698700838E-5, 0.0, 12.476835027731612, 0.0, 180.08229703453986, 10.199789591105725, 164.66678385083867, 80.00039183243284, 25.500679059384275, 54.49972758356584, 84.80031081357336, 51.23162442013595, 0.0, 0.0, 0.0, -2.9853884395802943E-5, -3.013171242305379E-5, -3.0409540450526684E-5, -3.0674739931235706E-5, 18.21481961331125, 33.016522216393476, 54.30525766501818, 499.9996308835199, 475.9180869169127, 24.080856196745437, 1.2628546698700838E-5, 214.99986020060481, 188.43715213791145, 8.869685942480832E-5, 8.9926227028303E-5, 9.047661360100934E-5, 4.879227663545649E-5, 3.059323974963224E-5, 3.102195883786241E-5, 3.111118741117025E-5, 339.94099659941276, 195.50341079733735, 81.02808291715773, 1.6920998254884136E-4]
		},
		"multipliers": {
			"Objective": [0.0, 0.0, 0.0, 0.0, 0.0, 0.0, 0.0, 0.0, 0.001695343569281249, 0.4202847777649916, 0.4223232955434757, 0.4065614498160823, 0.2813197428997685, 0.0, 0.0, 0.0, 0.0, 0.0, 0.0, 0.0, 0.0, 0.0, 0.0, 0.0, 0.0, 0.0, 0.0, 0.6650398722150528, 0.6712289065588477, 0.6774179409026426, 0.6833256555035377, 0.0, 0.0, 0.0, 0.0, 0.0, 0.0, -0.2813197428997685, 0.0, -0.0015654298673197786, 0.4170240043283575, 0.41901827231724054, 0.4032343016950465, 0.6146762131240926, 0.2039637317295947, 0.21036480623810383, 0.23456624425249017, 0.0037364586748225292, -0.0037364586748296347, -0.0011062447400220776, -0.0037364586748458804]
		},
		"internal": null
	}, {
		"name": "Constraints3",
		"objective": 0.0,
		"cv": 3.4160566229915154E-14,
		"variables": {
			"Objective": [0.0, 0.0, 28.768384364558177, 0.0, 0.0, 0.0, 0.0, 0.0, 311.5629726098876, 0.0, 0.0, 0.0, 0.0, -1.1540580075686258E-4, 12.476857175268965, 3.531305988793143E-4, 180.08239131778114, 10.199802722677763, 164.6667593476929, 80.0004981247431, 25.500679059384275, 54.4998429893666, 84.8003239451454, 51.23165279939158, 2.9510654521872634E-5, 2.9510654521872634E-5, 3.073633665856383E-5, 0.0, 0.0, 0.0, 0.0, 18.21481961331125, 33.016500068856125, 54.305233161872415, 499.99961830428765, 475.9180869169127, 24.080503066146555, 0.0, 214.99987333217686, 188.43708370057115, 2.3919340340045574E-6, 2.3919340340045574E-6, 2.36978649665266E-6, 0.0, 0.0, 0.0, 0.0, 339.9411658093953, 195.50314730411353, 81.02800749043465, 0.0]
		},