{
	"nodesI": [{
		"name": "Objective",
		"objective": 464.3883697513007,
		"cv": 0.0,
		"variables": {
			"Constraints0": [-0.6293868525168949, 1.0011458338073257E-5, -0.3458796278324243, -0.22908840243206388, 3.18794624443586E-4, -1.1053607566542324E-4, 5.2073303784538894E-5, -0.20843984697419948, -0.20760753688820427, -0.4981180281953357, -0.9419538123137051, 1.2655848791078578E-4, -0.8732835074939658, -0.34231740550677614, 7.887760933243295E-5, 3.142679229171108E-4, -1.4373741700524079E-4, -0.1804482718566908, -0.18282249032814796, -0.18449399517492204, -0.2067649062313064, -0.6293980239556181, 1.7046286800059818E-4, -0.9419234980660688, 1.4965851853787626E-4, -6.555295101406955E-5, -6.831024393250118E-6],
			"Constraints1": [-0.6293868525168949, 1.0011458338073257E-5, -0.3458796278324243, -0.22908840243206388, 3.18794624443586E-4, -1.1053607566542324E-4, 5.2073303784538894E-5, -0.20843984697419948, -0.20760753688820427, -0.4981180281953357, -0.9419538123137051, 1.2655848791078578E-4, -0.8732835074939658, -0.34231740550677614, 7.887760933243295E-5, 3.142679229171108E-4, -1.4373741700524079E-4, -0.1804482718566908, -0.18282249032814796, -0.18449399517492204, -0.2067649062313064, -0.6293980239556181, 1.7046286800059818E-4, -0.9419234980660688, 1.4965851853787626E-4, -6.555295101406955E-5, -6.831024393250118E-6],
			"Constraints2": [-0.6293868525168949, 1.0011458338073257E-5, -0.3458796278324243, -0.22908840243206388, 3.18794624443586E-4, -1.1053607566542324E-4, 5.2073303784538894E-5, -0.20843984697419948, -0.20760753688820427, -0.4981180281953357, -0.9419538123137051, 1.2655848791078578E-4, -0.8732835074939658, -0.34231740550677614, 7.887760933243295E-5, 3.142679229171108E-4, -1.4373741700524079E-4, -0.1804482718566908, -0.18282249032814796, -0.18449399517492204, -0.2067649062313064, -0.6293980239556181, 1.7046286800059818E-4, -0.9419234980660688, 1.4965851853787626E-4, -6.555295101406955E-5, -6.831024393250118E-6],
			"Constraints3": [-0.6293868525168949, 1.0011458338073257E-5, -0.3458796278324243, -0.22908840243206388, 3.18794624443586E-4, -1.1053607566542324E-4, 5.2073303784538894E-5, -0.20843984697419948, -0.20760753688820427, -0.4981180281953357, -0.9419538123137051, 1.2655848791078578E-4, -0.8732835074939658, -0.34231740550677614, 7.887760933243295E-5, 3.142679229171108E-4, -1.4373741700524079E-4, -0.1804482718566908, -0.18282249032814796, -0.18449399517492204, -0.2067649062313064, -0.6293980239556181, 1.7046286800059818E-4, -0.9419234980660688, 1.4965851853787626E-4, -6.555295101406955E-5, -6.831024393250118E-6]
		},
		"multipliers": {
			"Constraints0": [0.0, 0.0, 0.0, 0.0, 0.0, 0.0, 81.1719488058807, 0.0, 0.0, 0.0, 0.0, 0.0, 0.0, 0.0, 0.0, 0.0, 631.1114527115084, 0.0, 0.0, -6.938893903907228E-18, 0.0, 0.0, 0.0, 0.0, 0.0, 0.0, 0.0],
			"Constraints1": [-9.028501899446539E-4, 1.1044736690343763E-9, 159.99855882062454, -50.99654343318629, -78.82811400533774, -83.55780084565801, 78.82811400533774, 0.0, 0.0, 0.0, 0.0, 0.0, 0.0, 0.0, 0.0, 0.0, 0.0, 0.0, 0.0, 0.0, 0.0, -109.00111253724823, 2.194091735198719, 48.159566205007984, 399.0026954849571, 189.99895214381925, 357.82006936196547],
			"Constraints2": [0.0, 0.0, 0.0, 50.99597564761694, 78.82843963288141, 83.55772356919454, 0.0, 0.0, 0.0, -1.1102230246251565E-16, 0.0015524202535326936, 2.0036039357845876E-4, 1000.001749163665, -951.8453256914852, 0.0, 0.0, 0.0, 0.0, 0.0, 0.0, 2.7755575615628914E-17, 109.00019065883949, -42.40274274172646, -48.15797589243321, 0.0, 430.00095250076953, 83.55772356919454],
			"Constraints3": [0.0, 0.0, 0.0, 0.0, 0.0, 0.0, 0.0, 0.0, 0.0, 0.0, 0.0, 0.0, 0.0, 951.8462542722043, 1.8142619650071787E-4, 88.0005583748511, 368.88831010910803, 5.551115123125783E-17, 0.0, 0.0, -2.7755575615628914E-17, 0.0, 40.20882580189277, 0.0, -399.0024298887463, 0.0, 158.62215477311292]
		},
		"internal": null
	}],
	"nodesII": [{
		"name": "Constraints2",
		"objective": 0.0,
		"cv": 2.5825454727512742E-6,
		"variables": {
			"Objective": [-0.6293868525168949, 1.0011458338073257E-5, -0.3458796278324243, -0.22881572416975615, 3.420138399050643E-4, -5.18525256296698E-5, 5.2073303784538894E-5, -0.20843984697419948, -0.20760753688820427, -0.4981180281953357, -0.9420348564722119, 1.1612374333935804E-4, -0.8733768471398662, -0.34203166329621126, 7.887760933243295E-5, 3.142679229171108E-4, -1.4373741700524079E-4, -0.1804482718566908, -0.18282249032814796, -0.18449399517492204, -0.2067649062313064, -0.6294081979770425, 3.420138399050643E-4, -0.9420348564722119, 1.4965851853787626E-4, -1.1612374333935804E-4, 5.1852525643880654E-5]
		},
		"multipliers": {
			"Objective": [0.0, 0.0, 0.0, 50.99597564761694, 78.82843963288141, 83.55772356919454, 0.0, 0.0, 0.0, -1.1102230246251565E-16, 0.0015524202535326936, 2.0036039357845876E-4, 1000.001749163665, -951.8453256914852, 0.0, 0.0, 0.0, 0.0, 0.0, 0.0, 2.7755575615628914E-17, 109.00019065883949, -42.40274274172646, -48.15797589243321, 0.0, 430.00095250076953, 83.55772356919454]
		},
		"internal": null
	}, {
		"name": "Constraints3",
		"objective": 0.0,
		"cv": 2.227040799884783E-6,
		"variables": {
			"Objective": [-0.6293868525168949, 1.0011458338073257E-5, -0.3458796278324243, -0.22908840243206388, 3.18794624443586E-4, -1.1053607566542324E-4, 5.2073303784538894E-5, -0.20843984697419948, -0.20760753688820427, -0.4981180281953357, -0.9419538123137051, 1.2655848791078578E-4, -0.8732835074939658, -0.34265145829715493, 7.103498842297995E-5, 2.8573134318321536E-4, -2.7481030809894946E-4, -0.18044827185669088, -0.18282249032814796, -0.18449399517492204, -0.2067649062313064, -0.6293980239556181, 1.5617592286787385E-4, -0.9419234980660688, 2.857313432400588E-4, -6.555295101406955E-5, -7.103498845140166E-5]
		},
		"multipliers": {
			"Objective": [0.0, 0.0, 0.0, 0.0, 0.0, 0.0, 0.0, 0.0, 0.0, 0.0, 0.0, 0.0, 0.0, 951.8462542722043, 1.8142619650071787E-4, 88.0005583748511, 368.88831010910803, 5.551115123125783E-17, 0.0, 0.0, -2.7755575615628914E-17, 0.0, 40.20882580189277, 0.0, -399.0024298887463, 0.0, 158.62215477311292]
		},
		"internal": null
	}, {
		"name": "Constraints0",
		"objective": 0.0,
		"cv": 0.0,
		"variables": {
			"Objective": [-0.6293868525168949, 1.0011458338073257E-5, -0.3458796278324243, -0.22908840243206388, 3.18794624443586E-4, -1.1053607566542324E-4, 0.0, -0.20843984697419948, -0.20760753688820427, -0.4981180281953357, -0.9419538123137051, 1.2655848791078578E-4, -0.8732835074939658, -0.34231740550677614, 7.887760933243295E-5, 3.142679229171108E-4, 0.0, -0.1804482718566908, -0.18282249032814796, -0.18449399517492204, -0.2067649062313064, -0.6293980239556181, 1.7046286800059818E-4, -0.9419234980660688, 1.4965851853787626E-4, -6.555295101406955E-5, -6.831024393250118E-6]
		},
		"multipliers": {
			"Objective": [0.0, 0.0, 0.0, 0.0, 0.0, 0.0, 81.1719488058807, 0.0, 0.0, 0.0, 0.0, 0.0, 0.0, 0.0, 0.0, 0.0, 631.1114527115084, 0.0, 0.0, -6.938893903907228E-18, 0.0, 0.0, 0.0, 0.0, 0.0, 0.0, 0.0]
		},
		"internal": null
	}, {
		"name": "Constraints1",
		"objective": 0.0,
		"cv": 1.4388036061101505E-5,
		"variables": {
			"Objective": [-0.6293226988654936, 1.0011412882704462E-5, -0.3457871081863857, -0.22932040081963834, 2.709161891516487E-4, -1.6128721708241756E-4, 9.995173908805555E-5, -0.20843984697419948, -0.20760753688820427, -0.4981180281953357, -0.9419538123137051, 1.2655848791078578E-4, -0.8732835074939658, -0.34231740550677614, 7.887760933243295E-5, 3.142679229171108E-4, -1.4373741700524079E-4, -0.1804482718566908, -0.18282249032814796, -0.18449399517492204, -0.2067649062313064, -0.6293226988654936, 0.0, -0.9418956496526079, 0.0, -1.0011412882704462E-5, 0.0]
		},